[
  {
    "city": "Nassau", 
    "lat": "25.0667", 
    "lng": "-77.3333", 
    "country": "Bahamas, The", 
    "iso2": "BS", 
    "admin_name": "", 
    "capital": "primary", 
    "population": "274400", 
    "population_proper": "274400"
  }, 
  {
    "city": "Freeport City", 
    "lat": "26.5200", 
    "lng": "-78.6600", 
    "country": "Bahamas, The", 
    "iso2": "BS", 
    "admin_name": "City of Freeport", 
    "capital": "", 
    "population": "45945", 
    "population_proper": "45945"
  }, 
  {
    "city": "Marsh Harbour", 
    "lat": "26.4000", 
    "lng": "-77.1700", 
    "country": "Bahamas, The", 
    "iso2": "BS", 
    "admin_name": "Central Abaco", 
    "capital": "", 
    "population": "6283", 
    "population_proper": "6283"
  }, 
  {
    "city": "Dunmore Town", 
    "lat": "25.5019", 
    "lng": "-76.6358", 
    "country": "Bahamas, The", 
    "iso2": "BS", 
    "admin_name": "North Eleuthera", 
    "capital": "", 
    "population": "1168", 
    "population_proper": "1168"
  }, 
  {
    "city": "Rock Sound", 
    "lat": "24.8333", 
    "lng": "-76.3333", 
    "country": "Bahamas, The", 
    "iso2": "BS", 
    "admin_name": "South Eleuthera", 
    "capital": "", 
    "population": "1000", 
    "population_proper": "1000"
  }, 
  {
    "city": "Cockburn Town", 
    "lat": "24.0513", 
    "lng": "-74.5297", 
    "country": "Bahamas, The", 
    "iso2": "BS", 
    "admin_name": "San Salvador", 
    "capital": "", 
    "population": "271", 
    "population_proper": "271"
  }, 
  {
    "city": "Pirates Well", 
    "lat": "22.4328", 
    "lng": "-73.1010", 
    "country": "Bahamas, The", 
    "iso2": "BS", 
    "admin_name": "Mayaguana", 
    "capital": "", 
    "population": "235", 
    "population_proper": "235"
  }, 
  {
    "city": "Winton Meadows", 
    "lat": "25.0333", 
    "lng": "-77.2667", 
    "country": "Bahamas, The", 
    "iso2": "BS", 
    "admin_name": "", 
    "capital": "", 
    "population": "", 
    "population_proper": ""
  }, 
  {
    "city": "Mount Pleasant", 
    "lat": "25.0167", 
    "lng": "-77.5167", 
    "country": "Bahamas, The", 
    "iso2": "BS", 
    "admin_name": "", 
    "capital": "", 
    "population": "", 
    "population_proper": ""
  }, 
  {
    "city": "Carmichael Village", 
    "lat": "25.0167", 
    "lng": "-77.4333", 
    "country": "Bahamas, The", 
    "iso2": "BS", 
    "admin_name": "", 
    "capital": "", 
    "population": "", 
    "population_proper": ""
  }, 
  {
    "city": "Clifton", 
    "lat": "25.0167", 
    "lng": "-77.5667", 
    "country": "Bahamas, The", 
    "iso2": "BS", 
    "admin_name": "", 
    "capital": "", 
    "population": "", 
    "population_proper": ""
  }, 
  {
    "city": "Waterloo", 
    "lat": "25.0333", 
    "lng": "-77.5333", 
    "country": "Bahamas, The", 
    "iso2": "BS", 
    "admin_name": "", 
    "capital": "", 
    "population": "", 
    "population_proper": ""
  }, 
  {
    "city": "Winton Heights", 
    "lat": "25.0333", 
    "lng": "-77.2667", 
    "country": "Bahamas, The", 
    "iso2": "BS", 
    "admin_name": "", 
    "capital": "", 
    "population": "", 
    "population_proper": ""
  }, 
  {
    "city": "Camperdown", 
    "lat": "25.0500", 
    "lng": "-77.2667", 
    "country": "Bahamas, The", 
    "iso2": "BS", 
    "admin_name": "", 
    "capital": "", 
    "population": "", 
    "population_proper": ""
  }, 
  {
    "city": "Millars", 
    "lat": "24.9849", 
    "lng": "-77.4304", 
    "country": "Bahamas, The", 
    "iso2": "BS", 
    "admin_name": "", 
    "capital": "", 
    "population": "", 
    "population_proper": ""
  }, 
  {
    "city": "Cable Beach", 
    "lat": "25.0667", 
    "lng": "-77.4000", 
    "country": "Bahamas, The", 
    "iso2": "BS", 
    "admin_name": "", 
    "capital": "", 
    "population": "", 
    "population_proper": ""
  }, 
  {
    "city": "Cunningham", 
    "lat": "25.0833", 
    "lng": "-77.4333", 
    "country": "Bahamas, The", 
    "iso2": "BS", 
    "admin_name": "", 
    "capital": "", 
    "population": "", 
    "population_proper": ""
  }, 
  {
    "city": "Yamacraw Beach Estate", 
    "lat": "25.0333", 
    "lng": "-77.2833", 
    "country": "Bahamas, The", 
    "iso2": "BS", 
    "admin_name": "", 
    "capital": "", 
    "population": "", 
    "population_proper": ""
  }, 
  {
    "city": "Adelaide", 
    "lat": "25.0022", 
    "lng": "-77.4905", 
    "country": "Bahamas, The", 
    "iso2": "BS", 
    "admin_name": "", 
    "capital": "", 
    "population": "", 
    "population_proper": ""
  }, 
  {
    "city": "Highbury Park", 
    "lat": "25.0333", 
    "lng": "-77.3167", 
    "country": "Bahamas, The", 
    "iso2": "BS", 
    "admin_name": "", 
    "capital": "", 
    "population": "", 
    "population_proper": ""
  }, 
  {
    "city": "Winton", 
    "lat": "25.0500", 
    "lng": "-77.2833", 
    "country": "Bahamas, The", 
    "iso2": "BS", 
    "admin_name": "", 
    "capital": "", 
    "population": "", 
    "population_proper": ""
  }, 
  {
    "city": "Millar Heights", 
    "lat": "25.0167", 
    "lng": "-77.3833", 
    "country": "Bahamas, The", 
    "iso2": "BS", 
    "admin_name": "", 
    "capital": "", 
    "population": "", 
    "population_proper": ""
  }, 
  {
    "city": "Nassau Estate", 
    "lat": "25.0333", 
    "lng": "-77.2833", 
    "country": "Bahamas, The", 
    "iso2": "BS", 
    "admin_name": "", 
    "capital": "", 
    "population": "", 
    "population_proper": ""
  }, 
  {
    "city": "Killarney", 
    "lat": "25.0500", 
    "lng": "-77.4167", 
    "country": "Bahamas, The", 
    "iso2": "BS", 
    "admin_name": "", 
    "capital": "", 
    "population": "", 
    "population_proper": ""
  }, 
  {
    "city": "Sandilands Village", 
    "lat": "25.0500", 
    "lng": "-77.3167", 
    "country": "Bahamas, The", 
    "iso2": "BS", 
    "admin_name": "", 
    "capital": "", 
    "population": "", 
    "population_proper": ""
  }, 
  {
    "city": "Belair Estates", 
    "lat": "25.0167", 
    "lng": "-77.3667", 
    "country": "Bahamas, The", 
    "iso2": "BS", 
    "admin_name": "", 
    "capital": "", 
    "population": "", 
    "population_proper": ""
  }, 
  {
    "city": "Stapleton Gardens", 
    "lat": "25.0500", 
    "lng": "-77.3667", 
    "country": "Bahamas, The", 
    "iso2": "BS", 
    "admin_name": "", 
    "capital": "", 
    "population": "", 
    "population_proper": ""
  }, 
  {
    "city": "Golden Gates Estates", 
    "lat": "25.0167", 
    "lng": "-77.3500", 
    "country": "Bahamas, The", 
    "iso2": "BS", 
    "admin_name": "", 
    "capital": "", 
    "population": "", 
    "population_proper": ""
  }, 
  {
    "city": "Coral Harbour", 
    "lat": "24.9975", 
    "lng": "-77.4578", 
    "country": "Bahamas, The", 
    "iso2": "BS", 
    "admin_name": "", 
    "capital": "", 
    "population": "", 
    "population_proper": ""
  }, 
  {
    "city": "Creek Village", 
    "lat": "25.0667", 
    "lng": "-77.3000", 
    "country": "Bahamas, The", 
    "iso2": "BS", 
    "admin_name": "", 
    "capital": "", 
    "population": "", 
    "population_proper": ""
  }, 
  {
    "city": "Coral Heights", 
    "lat": "24.9982", 
    "lng": "-77.4556", 
    "country": "Bahamas, The", 
    "iso2": "BS", 
    "admin_name": "", 
    "capital": "", 
    "population": "", 
    "population_proper": ""
  }, 
  {
    "city": "Sea Breeze Estates", 
    "lat": "25.0167", 
    "lng": "-77.3167", 
    "country": "Bahamas, The", 
    "iso2": "BS", 
    "admin_name": "", 
    "capital": "", 
    "population": "", 
    "population_proper": ""
  }, 
  {
    "city": "Hope Town", 
    "lat": "26.5398", 
    "lng": "-76.9621", 
    "country": "Bahamas, The", 
    "iso2": "BS", 
    "admin_name": "Hope Town", 
    "capital": "", 
    "population": "", 
    "population_proper": ""
  }, 
  {
    "city": "Alice Town", 
    "lat": "25.7292", 
    "lng": "-79.2961", 
    "country": "Bahamas, The", 
    "iso2": "BS", 
    "admin_name": "Bimini", 
    "capital": "", 
    "population": "", 
    "population_proper": ""
  }, 
  {
    "city": "Louis Town", 
    "lat": "25.5525", 
    "lng": "-79.2785", 
    "country": "Bahamas, The", 
    "iso2": "BS", 
    "admin_name": "Bimini", 
    "capital": "", 
    "population": "", 
    "population_proper": ""
  }, 
  {
    "city": "Nixon’s Harbour", 
    "lat": "25.6997", 
    "lng": "-79.3020", 
    "country": "Bahamas, The", 
    "iso2": "BS", 
    "admin_name": "Bimini", 
    "capital": "", 
    "population": "", 
    "population_proper": ""
  }, 
  {
    "city": "Bailey Town", 
    "lat": "25.7433", 
    "lng": "-79.2867", 
    "country": "Bahamas, The", 
    "iso2": "BS", 
    "admin_name": "Bimini", 
    "capital": "", 
    "population": "", 
    "population_proper": ""
  }, 
  {
    "city": "Sweeting Cay", 
    "lat": "26.6133", 
    "lng": "-77.8693", 
    "country": "Bahamas, The", 
    "iso2": "BS", 
    "admin_name": "East Grand Bahama", 
    "capital": "", 
    "population": "", 
    "population_proper": ""
  }, 
  {
    "city": "Water Cay", 
    "lat": "26.7500", 
    "lng": "-78.5000", 
    "country": "Bahamas, The", 
    "iso2": "BS", 
    "admin_name": "West Grand Bahama", 
    "capital": "", 
    "population": "", 
    "population_proper": ""
  }, 
  {
    "city": "Eight Mile Rock", 
    "lat": "26.5167", 
    "lng": "-78.7833", 
    "country": "Bahamas, The", 
    "iso2": "BS", 
    "admin_name": "West Grand Bahama", 
    "capital": "", 
    "population": "", 
    "population_proper": ""
  }, 
  {
    "city": "Bain Town", 
    "lat": "26.5167", 
    "lng": "-78.7833", 
    "country": "Bahamas, The", 
    "iso2": "BS", 
    "admin_name": "West Grand Bahama", 
    "capital": "", 
    "population": "", 
    "population_proper": ""
  }, 
  {
    "city": "Vincent Town", 
    "lat": "26.6667", 
    "lng": "-78.9500", 
    "country": "Bahamas, The", 
    "iso2": "BS", 
    "admin_name": "West Grand Bahama", 
    "capital": "", 
    "population": "", 
    "population_proper": ""
  }, 
  {
    "city": "McLeans Town", 
    "lat": "26.6580", 
    "lng": "-77.9919", 
    "country": "Bahamas, The", 
    "iso2": "BS", 
    "admin_name": "East Grand Bahama", 
    "capital": "", 
    "population": "", 
    "population_proper": ""
  }, 
  {
    "city": "Hawksbill", 
    "lat": "26.5000", 
    "lng": "-78.7333", 
    "country": "Bahamas, The", 
    "iso2": "BS", 
    "admin_name": "West Grand Bahama", 
    "capital": "", 
    "population": "", 
    "population_proper": ""
  }, 
  {
    "city": "Pine Ridge", 
    "lat": "26.5500", 
    "lng": "-78.7333", 
    "country": "Bahamas, The", 
    "iso2": "BS", 
    "admin_name": "West Grand Bahama", 
    "capital": "", 
    "population": "", 
    "population_proper": ""
  }, 
  {
    "city": "Russell Town", 
    "lat": "26.5167", 
    "lng": "-78.7000", 
    "country": "Bahamas, The", 
    "iso2": "BS", 
    "admin_name": "West Grand Bahama", 
    "capital": "", 
    "population": "", 
    "population_proper": ""
  }, 
  {
    "city": "Lucaya", 
    "lat": "26.5333", 
    "lng": "-78.6667", 
    "country": "Bahamas, The", 
    "iso2": "BS", 
    "admin_name": "City of Freeport", 
    "capital": "", 
    "population": "", 
    "population_proper": ""
  }, 
  {
    "city": "Pelican Point", 
    "lat": "26.6500", 
    "lng": "-78.0833", 
    "country": "Bahamas, The", 
    "iso2": "BS", 
    "admin_name": "East Grand Bahama", 
    "capital": "", 
    "population": "", 
    "population_proper": ""
  }, 
  {
    "city": "Mather Town", 
    "lat": "26.5500", 
    "lng": "-78.5833", 
    "country": "Bahamas, The", 
    "iso2": "BS", 
    "admin_name": "West Grand Bahama", 
    "capital": "", 
    "population": "", 
    "population_proper": ""
  }, 
  {
    "city": "Roberts Town", 
    "lat": "26.6667", 
    "lng": "-78.9500", 
    "country": "Bahamas, The", 
    "iso2": "BS", 
    "admin_name": "West Grand Bahama", 
    "capital": "", 
    "population": "", 
    "population_proper": ""
  }, 
  {
    "city": "Braudies Point", 
    "lat": "26.5333", 
    "lng": "-78.7333", 
    "country": "Bahamas, The", 
    "iso2": "BS", 
    "admin_name": "West Grand Bahama", 
    "capital": "", 
    "population": "", 
    "population_proper": ""
  }, 
  {
    "city": "Gilbert Grant", 
    "lat": "23.6000", 
    "lng": "-75.9167", 
    "country": "Bahamas, The", 
    "iso2": "BS", 
    "admin_name": "Exuma", 
    "capital": "", 
    "population": "", 
    "population_proper": ""
  }, 
  {
    "city": "Hermitage", 
    "lat": "23.5167", 
    "lng": "-75.8333", 
    "country": "Bahamas, The", 
    "iso2": "BS", 
    "admin_name": "Exuma", 
    "capital": "", 
    "population": "", 
    "population_proper": ""
  }, 
  {
    "city": "Baraterre", 
    "lat": "23.6957", 
    "lng": "-76.0413", 
    "country": "Bahamas, The", 
    "iso2": "BS", 
    "admin_name": "Exuma", 
    "capital": "", 
    "population": "", 
    "population_proper": ""
  }, 
  {
    "city": "Calvin Hill", 
    "lat": "23.6000", 
    "lng": "-75.9667", 
    "country": "Bahamas, The", 
    "iso2": "BS", 
    "admin_name": "Exuma", 
    "capital": "", 
    "population": "", 
    "population_proper": ""
  }, 
  {
    "city": "Forbes Hill", 
    "lat": "23.4600", 
    "lng": "-75.6473", 
    "country": "Bahamas, The", 
    "iso2": "BS", 
    "admin_name": "Exuma", 
    "capital": "", 
    "population": "", 
    "population_proper": ""
  }, 
  {
    "city": "Curtis", 
    "lat": "23.6333", 
    "lng": "-75.9667", 
    "country": "Bahamas, The", 
    "iso2": "BS", 
    "admin_name": "Exuma", 
    "capital": "", 
    "population": "", 
    "population_proper": ""
  }, 
  {
    "city": "Ramsey", 
    "lat": "23.5667", 
    "lng": "-75.8667", 
    "country": "Bahamas, The", 
    "iso2": "BS", 
    "admin_name": "Exuma", 
    "capital": "", 
    "population": "", 
    "population_proper": ""
  }, 
  {
    "city": "Pigeon Cay", 
    "lat": "23.4299", 
    "lng": "-75.6781", 
    "country": "Bahamas, The", 
    "iso2": "BS", 
    "admin_name": "Exuma", 
    "capital": "", 
    "population": "", 
    "population_proper": ""
  }, 
  {
    "city": "Michelson", 
    "lat": "23.4833", 
    "lng": "-75.7667", 
    "country": "Bahamas, The", 
    "iso2": "BS", 
    "admin_name": "Exuma", 
    "capital": "", 
    "population": "", 
    "population_proper": ""
  }, 
  {
    "city": "Anne’s Tract Settlement", 
    "lat": "23.6833", 
    "lng": "-76.0500", 
    "country": "Bahamas, The", 
    "iso2": "BS", 
    "admin_name": "Exuma", 
    "capital": "", 
    "population": "", 
    "population_proper": ""
  }, 
  {
    "city": "Farmer’s Hill", 
    "lat": "23.6000", 
    "lng": "-75.9000", 
    "country": "Bahamas, The", 
    "iso2": "BS", 
    "admin_name": "Exuma", 
    "capital": "", 
    "population": "", 
    "population_proper": ""
  }, 
  {
    "city": "Steventon", 
    "lat": "23.6427", 
    "lng": "-75.9448", 
    "country": "Bahamas, The", 
    "iso2": "BS", 
    "admin_name": "Exuma", 
    "capital": "", 
    "population": "", 
    "population_proper": ""
  }, 
  {
    "city": "Richmond Hill", 
    "lat": "23.6068", 
    "lng": "-75.9943", 
    "country": "Bahamas, The", 
    "iso2": "BS", 
    "admin_name": "Exuma", 
    "capital": "", 
    "population": "", 
    "population_proper": ""
  }, 
  {
    "city": "Rolleville", 
    "lat": "23.6733", 
    "lng": "-75.9848", 
    "country": "Bahamas, The", 
    "iso2": "BS", 
    "admin_name": "Exuma", 
    "capital": "", 
    "population": "", 
    "population_proper": ""
  }, 
  {
    "city": "Rolletown", 
    "lat": "23.4631", 
    "lng": "-75.7042", 
    "country": "Bahamas, The", 
    "iso2": "BS", 
    "admin_name": "Exuma", 
    "capital": "", 
    "population": "", 
    "population_proper": ""
  }, 
  {
    "city": "Moss Town", 
    "lat": "23.5467", 
    "lng": "-75.8557", 
    "country": "Bahamas, The", 
    "iso2": "BS", 
    "admin_name": "Exuma", 
    "capital": "", 
    "population": "", 
    "population_proper": ""
  }, 
  {
    "city": "Rokers Point Settlement", 
    "lat": "23.6167", 
    "lng": "-75.9167", 
    "country": "Bahamas, The", 
    "iso2": "BS", 
    "admin_name": "Exuma", 
    "capital": "", 
    "population": "", 
    "population_proper": ""
  }, 
  {
    "city": "Jimmy Hill", 
    "lat": "23.5667", 
    "lng": "-75.8667", 
    "country": "Bahamas, The", 
    "iso2": "BS", 
    "admin_name": "Exuma", 
    "capital": "", 
    "population": "", 
    "population_proper": ""
  }, 
  {
    "city": "Stuart Manor", 
    "lat": "23.6333", 
    "lng": "-76.0000", 
    "country": "Bahamas, The", 
    "iso2": "BS", 
    "admin_name": "Exuma", 
    "capital": "", 
    "population": "", 
    "population_proper": ""
  }, 
  {
    "city": "Alexander", 
    "lat": "23.6500", 
    "lng": "-76.0167", 
    "country": "Bahamas, The", 
    "iso2": "BS", 
    "admin_name": "Exuma", 
    "capital": "", 
    "population": "", 
    "population_proper": ""
  }, 
  {
    "city": "Forest", 
    "lat": "23.5870", 
    "lng": "-75.9144", 
    "country": "Bahamas, The", 
    "iso2": "BS", 
    "admin_name": "Exuma", 
    "capital": "", 
    "population": "", 
    "population_proper": ""
  }, 
  {
    "city": "Black Point", 
    "lat": "24.0972", 
    "lng": "-76.3983", 
    "country": "Bahamas, The", 
    "iso2": "BS", 
    "admin_name": "Black Point", 
    "capital": "", 
    "population": "", 
    "population_proper": ""
  }, 
  {
    "city": "Mount Thompson", 
    "lat": "23.5833", 
    "lng": "-75.8833", 
    "country": "Bahamas, The", 
    "iso2": "BS", 
    "admin_name": "Exuma", 
    "capital": "", 
    "population": "", 
    "population_proper": ""
  }, 
  {
    "city": "Georgetown", 
    "lat": "23.5063", 
    "lng": "-75.7696", 
    "country": "Bahamas, The", 
    "iso2": "BS", 
    "admin_name": "Exuma", 
    "capital": "", 
    "population": "", 
    "population_proper": ""
  }, 
  {
    "city": "William’s Town", 
    "lat": "23.4260", 
    "lng": "-75.5589", 
    "country": "Bahamas, The", 
    "iso2": "BS", 
    "admin_name": "Exuma", 
    "capital": "", 
    "population": "", 
    "population_proper": ""
  }, 
  {
    "city": "Alice Town", 
    "lat": "25.3460", 
    "lng": "-76.4853", 
    "country": "Bahamas, The", 
    "iso2": "BS", 
    "admin_name": "North Eleuthera", 
    "capital": "", 
    "population": "", 
    "population_proper": ""
  }, 
  {
    "city": "Colebrooke Dale", 
    "lat": "25.2000", 
    "lng": "-76.2500", 
    "country": "Bahamas, The", 
    "iso2": "BS", 
    "admin_name": "Central Eleuthera", 
    "capital": "", 
    "population": "", 
    "population_proper": ""
  }, 
  {
    "city": "Bannerman Town", 
    "lat": "24.6324", 
    "lng": "-76.1682", 
    "country": "Bahamas, The", 
    "iso2": "BS", 
    "admin_name": "South Eleuthera", 
    "capital": "", 
    "population": "", 
    "population_proper": ""
  }, 
  {
    "city": "Gregory Town", 
    "lat": "25.3909", 
    "lng": "-76.5572", 
    "country": "Bahamas, The", 
    "iso2": "BS", 
    "admin_name": "North Eleuthera", 
    "capital": "", 
    "population": "", 
    "population_proper": ""
  }, 
  {
    "city": "Lower Bogue", 
    "lat": "25.4667", 
    "lng": "-76.7167", 
    "country": "Bahamas, The", 
    "iso2": "BS", 
    "admin_name": "North Eleuthera", 
    "capital": "", 
    "population": "", 
    "population_proper": ""
  }, 
  {
    "city": "Current", 
    "lat": "25.4094", 
    "lng": "-76.7864", 
    "country": "Bahamas, The", 
    "iso2": "BS", 
    "admin_name": "North Eleuthera", 
    "capital": "", 
    "population": "", 
    "population_proper": ""
  }, 
  {
    "city": "Waterford", 
    "lat": "24.7500", 
    "lng": "-76.2333", 
    "country": "Bahamas, The", 
    "iso2": "BS", 
    "admin_name": "South Eleuthera", 
    "capital": "", 
    "population": "", 
    "population_proper": ""
  }, 
  {
    "city": "Millars", 
    "lat": "24.6500", 
    "lng": "-76.1667", 
    "country": "Bahamas, The", 
    "iso2": "BS", 
    "admin_name": "South Eleuthera", 
    "capital": "", 
    "population": "", 
    "population_proper": ""
  }, 
  {
    "city": "South Palmetto Point", 
    "lat": "25.1500", 
    "lng": "-76.1833", 
    "country": "Bahamas, The", 
    "iso2": "BS", 
    "admin_name": "Central Eleuthera", 
    "capital": "", 
    "population": "", 
    "population_proper": ""
  }, 
  {
    "city": "North Palmetto Point", 
    "lat": "25.1667", 
    "lng": "-76.1833", 
    "country": "Bahamas, The", 
    "iso2": "BS", 
    "admin_name": "Central Eleuthera", 
    "capital": "", 
    "population": "", 
    "population_proper": ""
  }, 
  {
    "city": "Tarpum Bay", 
    "lat": "24.9700", 
    "lng": "-76.1816", 
    "country": "Bahamas, The", 
    "iso2": "BS", 
    "admin_name": "South Eleuthera", 
    "capital": "", 
    "population": "", 
    "population_proper": ""
  }, 
  {
    "city": "Wemyss Bight", 
    "lat": "24.7500", 
    "lng": "-76.2500", 
    "country": "Bahamas, The", 
    "iso2": "BS", 
    "admin_name": "South Eleuthera", 
    "capital": "", 
    "population": "", 
    "population_proper": ""
  }, 
  {
    "city": "Davis Harbor", 
    "lat": "24.7309", 
    "lng": "-76.2202", 
    "country": "Bahamas, The", 
    "iso2": "BS", 
    "admin_name": "South Eleuthera", 
    "capital": "", 
    "population": "", 
    "population_proper": ""
  }, 
  {
    "city": "Delancey Town", 
    "lat": "24.7667", 
    "lng": "-76.2667", 
    "country": "Bahamas, The", 
    "iso2": "BS", 
    "admin_name": "South Eleuthera", 
    "capital": "", 
    "population": "", 
    "population_proper": ""
  }, 
  {
    "city": "Deep Creek", 
    "lat": "24.7733", 
    "lng": "-76.2696", 
    "country": "Bahamas, The", 
    "iso2": "BS", 
    "admin_name": "South Eleuthera", 
    "capital": "", 
    "population": "", 
    "population_proper": ""
  }, 
  {
    "city": "James Cistern", 
    "lat": "25.3257", 
    "lng": "-76.3618", 
    "country": "Bahamas, The", 
    "iso2": "BS", 
    "admin_name": "North Eleuthera", 
    "capital": "", 
    "population": "", 
    "population_proper": ""
  }, 
  {
    "city": "Upper Bogue", 
    "lat": "25.4500", 
    "lng": "-76.6667", 
    "country": "Bahamas, The", 
    "iso2": "BS", 
    "admin_name": "North Eleuthera", 
    "capital": "", 
    "population": "", 
    "population_proper": ""
  }, 
  {
    "city": "Kemps Point", 
    "lat": "24.9070", 
    "lng": "-76.1822", 
    "country": "Bahamas, The", 
    "iso2": "BS", 
    "admin_name": "South Eleuthera", 
    "capital": "", 
    "population": "", 
    "population_proper": ""
  }, 
  {
    "city": "The Bluff", 
    "lat": "25.4991", 
    "lng": "-76.7234", 
    "country": "Bahamas, The", 
    "iso2": "BS", 
    "admin_name": "North Eleuthera", 
    "capital": "", 
    "population": "", 
    "population_proper": ""
  }, 
  {
    "city": "John Millars", 
    "lat": "24.6833", 
    "lng": "-76.1833", 
    "country": "Bahamas, The", 
    "iso2": "BS", 
    "admin_name": "South Eleuthera", 
    "capital": "", 
    "population": "", 
    "population_proper": ""
  }, 
  {
    "city": "Palmetto Point", 
    "lat": "25.1667", 
    "lng": "-76.1667", 
    "country": "Bahamas, The", 
    "iso2": "BS", 
    "admin_name": "Central Eleuthera", 
    "capital": "", 
    "population": "", 
    "population_proper": ""
  }, 
  {
    "city": "Crown Haven", 
    "lat": "26.9000", 
    "lng": "-77.8167", 
    "country": "Bahamas, The", 
    "iso2": "BS", 
    "admin_name": "North Abaco", 
    "capital": "", 
    "population": "", 
    "population_proper": ""
  }, 
  {
    "city": "Snake Cay", 
    "lat": "26.4568", 
    "lng": "-77.0482", 
    "country": "Bahamas, The", 
    "iso2": "BS", 
    "admin_name": "Central Abaco", 
    "capital": "", 
    "population": "", 
    "population_proper": ""
  }, 
  {
    "city": "Dundas Town", 
    "lat": "26.5464", 
    "lng": "-77.0798", 
    "country": "Bahamas, The", 
    "iso2": "BS", 
    "admin_name": "Central Abaco", 
    "capital": "", 
    "population": "", 
    "population_proper": ""
  }
]